start	end	text
0	6020	はい皆様お待たせしました
6020	7100	12時になりましたので
7100	8640	今日はですね
8640	9740	ランクチンインタラプト
9740	11460	2026というイベントがですね
11460	13280	今サンフランシスコで
13280	15060	行われておりまして
15060	16500	そこの現地にですね
16500	19220	Gの吉田さんがいると
19220	21220	私は今日本にいるので
21220	24060	ちょっと現地どんな様子だったのか
24060	24980	という話もですね
24980	26840	吉田さんから伺いながら
26840	29400	今AIエージェントの最前線では
29400	31100	何が起こっているのかという話をですね
31100	33360	この1時間話していきたいなという風に
33360	34340	思っております
34340	35680	よろしくお願いします
35680	37720	よろしくお願いします
37720	40740	現地今何時ですか
40740	43760	現地今夜8時ですね
43760	45160	まだ明るいですけど
45160	47140	前回もね
47140	49500	去年も実はこのリキャップのイベント
49500	50760	やっておりまして
50760	54120	2025はランクチン初めての
54120	56160	AIエージェントのイベントだったんですけども
56960	57760	Gのね
57760	59220	共同創業者3人で
59220	61320	行ったという感じですね
61320	63040	ちょうどその時も
63040	64180	20時ぐらいに
64180	66080	ホテルで配信をしていたと
66080	68500	いう感じで
68500	69440	今回はですね
69440	70560	現地20時と
70560	72120	いう感じですね
72120	74400	なんかこう
74400	75800	そっち寒いですか
75800	78660	寒いっす
78660	79380	おー
79380	81800	なんかね
81800	83200	肌寒い感じがあったな
83200	84640	という記憶はあるんですけど
84640	86480	めちゃめちゃ寒いっす
86480	87480	寒暖差も
87480	90040	昼と夜の寒暖差もあるだし
90040	91260	風吹くと寒い時
91260	94900	東京の格好のまま来たのをね
94900	96480	悔やんでます
96480	98420	って言ったらね
98420	98980	なんかね
98980	100860	裏肝の
100860	102560	スウェットが
102560	103480	イベントで
103480	103960	伝わられた
103960	107060	なんかロベルティというかね
107060	109320	グッズってどんな感じだったんですか
109320	110600	いやもうこれだけっすね
110600	112640	これとあとはなんかバッグみたいな
112640	113720	ぐらいで
113720	117540	なんか僕アンバサダーなんで
117540	119000	アンバサダーの
119000	122260	バッジが他と違うぐらいで
122260	123020	なんかね
123020	124820	参加者いろいろ見たんですけど
124820	127040	ラングチェーンの
127040	128580	リュックだったりとか
128580	130640	ラングチェーンの
130640	132120	他のスワッグ
132120	132940	多分
132940	136580	インタラフトで配ってるやつじゃない気がするんですけど
136580	138260	なるほどね
138260	140580	人たちも多くて
140580	144320	いや何にせよまず先に
144320	148620	ちょっと雰囲気伝えたいなと思ったのは
148620	149720	あれですね
149720	156540	人数がすごい増えてるのと
156540	160660	去年の1.5倍ぐらいに増えてるのと
160660	163160	あとはあれですね
163160	163600	その
163600	166760	ラングチェーングッズを
166760	171800	身を固めてる人がすごい多いっていうところで
171800	175220	なんか日本で感じてる
175220	179280	雰囲気とちょっと違うなっていう
179280	184460	かなりエンゲージメントが高いかなっていう
184460	185820	特に
185820	188100	ハリソンとかって
188100	190240	出てくると
190240	192520	もうなんかロックスターみたいに
192520	194120	ふーっていう感じになって
194120	197440	なんかデブレーでサムが現れた時みたいな感じの
197440	197760	そうそう
197760	201120	なんかやっぱり
201120	204300	日本語になってる情報っていうのが多くないんで
204300	207060	あまりその僕らとラングチェーンの関係って
207060	208080	あとその
208080	210560	僕らってエキスパートもやってるけど
210560	213880	そんなにビジネス的に
213880	216240	抜き差しならない状態にはなってないじゃないですか
216240	217280	うーん
217280	219500	なのでちょっとそれと比べると
219500	221440	ちょっとアメリカのエンゲージメントと
221440	224680	日本のユーザーのエンゲージメントと若干違うのかなっていうのは
224680	226040	感じたとこですね
226040	227780	なるほどね
227780	230000	日本だとどっちかっていうと
230000	232300	ラングチェーンオワコンで検索されるみたいなね
232300	233340	そうそうそうそう
233340	234160	どこまである
234160	236700	なんかとりあえず
236700	237020	あの
237020	240680	ハイパースケーラーとかがね
240680	242700	それぞれ出してるものとかに
242700	246120	もう垂直統合して使うみたいなところで
246120	248820	そっちはさもう10年
248820	250720	10何年かけて
250720	253220	作ってきたエンゲージメントじゃないですか
253220	254760	なんでそっち側に乗っかって
254760	255820	AIの流れというか
255820	257860	インフラからAIに向かっての
257860	259820	エンゲージメントっていう感じで
259820	261020	乗ってる人が多いけど
261020	263360	ラングチェーンはもう新たに
263360	264740	できてるエンゲージメント
264740	266180	かつオープンAIや
266180	268400	アンストロピックと
268400	270200	ユーザーのエンゲージメントっていう
270200	271560	ノリとも違う
271560	273680	なんかね
273680	275000	いいっすよちょっと
275000	275920	まだ
275920	278860	牧歌的な印象もある
278860	281560	ユーザーグループみたいな
281560	281860	そうそう
281860	283900	ファンダムみたいなのがね
283900	284700	ちゃんとあってね
284700	285560	面白い
285560	287920	そういうの構築してるんですね
287920	288500	ちゃんとね
288500	289380	そうですね
289380	290660	それがちょっと大きいかな
290660	291680	違いとして
291680	293380	印象として
293380	296540	アンバサダーも結構いますもんね
296540	299060	日本は我々3人って感じですけど
299060	300920	結構各国にいるというか
300920	302360	特に英語スピーカーの方に
302360	303380	寄ってますね
303380	304360	そうね
304360	305280	でもなんかみんな
305280	306980	すごい仲良しで
306980	308700	スラックの中で
308700	309900	やりとりしてるんですけど
309900	311200	もう多分現地で
311200	311840	会ってんのか
311840	312400	わかんないですけど
312400	314100	スラックでのやりとりが
314100	314360	その
314360	315920	ない中で
315920	316820	もう固まって
316820	317340	いろいろ
317340	318840	おしゃべりとかしたんで
318840	320440	うんうんうん
320440	320700	うん
320700	322220	ちょうどですね
322220	323480	僕らアンバサダーなんで
323480	324220	アンバサダーで
324220	325560	社さんも行ってる感じ
325560	326520	なんですけど
326520	327980	アンバサダービーティングとかね
327980	329200	そういったものはあるんですよね
329200	330160	そうですね
330160	331580	今日の朝1
331580	334400	ハリソンのキーノートの前に
334400	335640	ちょっと朝早めに
335640	337480	みんなで集まって
337480	339800	ハリソンを囲んで
339800	341560	やんややんやって
341560	342980	いろいろ話をしました
342980	343720	もうあの当然
343720	347280	今日発表した内容とかも
347280	349660	こういう流れで
349660	351380	新しいの発表するんだよね
351380	352920	みたいな話だったりとか
352920	353280	うん
353280	354480	で
354480	357160	これってこういうのどうなの
357160	357640	みたいな
357640	358360	それいいよね
358360	359180	みたいな話も
359180	359780	もうそこで
359780	362080	やってたみたいな感じですね
362080	363000	なんか
363000	364600	アンバサダーのみんなの
364600	366800	興味関心の
366800	367900	ところで言うと
367900	368560	どんなところに
368560	369640	集中してたりしました
369640	371420	えっとね
371420	374740	3点ぐらい
374740	376180	あって
376180	379180	まず1個は
379180	379780	えっと
379780	383620	ユースケース的な
383620	384180	えっと
384180	385880	なんだろう
385880	386140	その
386140	387460	バーティカルに深く
387460	388600	掘っていく
388600	390000	とか
390000	391460	そういう方向性は
391460	392060	あるのか
392060	393700	ソリューションカットだったりとか
393700	394280	あー
394280	395780	そのランクチェンの方向性としてね
395780	396220	そうそう
396220	400820	そうそうそうそう
400820	402240	とかっていうのの話がまず1個あり
402240	403320	で
403320	404720	ここに関しては
404720	405200	えっと
405200	406600	まあいろいろその
406600	407140	あの
407140	410360	ユーザーコミュニティからのフィードバックをもらいながら
410360	413380	やっていきたいっていうような話はあったと
413380	413740	なので
413740	414160	例えば
414160	415980	例えば医療向けとか
415980	417060	まあいろいろあるじゃないですか
417060	417380	え
417380	420680	そういう方向への深掘りっていうのは
420680	421720	やっぱりその
421720	426320	ベンダーとしてそのツールをこう作っていくっていうようなところ
426320	428260	の人たち
428260	430200	まあそっち側の立場になってみると
430200	431040	逆に言うとその
431040	433740	空想で深掘りしてってもしょうがないんでね
433740	434240	うんうん
434240	435440	目の前にあるニーズと
435440	437980	一緒に深めていきたいっていうのがあるので
437980	441820	まあ逆にそういうのはフィードバックとかが欲しいっていうことは
441820	442380	強く
442380	444060	言ってたかなと
444060	445720	うんうんうんうん
445720	447560	であとは
447560	448320	えっと
448320	451940	ちょっと一個忘れちゃったんで先に言うけど
451940	452920	えっとね
452920	457660	FDEをラングチェーンとして構えるかみたいな話は
457660	457960	うん
457960	460100	はもうものすごい
460100	463460	それも話としてありましたね
463460	464480	ホットですね
464480	469980	でそもそもラングチェーンがその
469980	473920	まあラングチェーンってまあ割と慎重な方じゃないですか
473920	475480	いろいろな打ち手に関して
475480	476920	うんうんうん
476920	478540	でえっと
478540	482540	FDEに関して言うと
482540	486160	まあ決めかねてるところもあるなっていうのが
486160	487960	まあ僕は受けた印象でしたと
487960	489120	うんうんうん
489120	490100	でただその
490100	495080	多分決め手になるようなそのファクターがどこにあるかっていうと
495080	498720	結局ラングチェーンを使って実際にその
498720	500680	特にプロダクションを意識して
500680	501260	うん
501260	506880	AIエージェントを作っていくような企業の内側に
506880	511120	えっとそのAIエージェントビルダーがいるのか
511120	513720	あるいはそのケーパビリティを持ってない企業が
513720	519340	えっともその頑張って使ってもらうみたいな方向にしていくのかっていう
519340	520960	大きく分けてこう
520960	522580	2種類
522580	525680	まあAI組織とノンAI組織っていう
525680	526840	まあ2つに分かって
526840	528840	やっぱノンAI組織とかに
528840	530440	でその
530440	532580	アウトカムを
532580	534960	AIエージェントで得ていこうってなってくると
534960	535340	まあ
535340	540020	誰かしらがFD的なことにならないといけないよねっていうので
540020	542420	まあそういうのが決め手になってくるのかなっていうのがあったけど
542420	544700	まあ今のところその
544700	546620	じゃあどのぐらいこの先
546620	551300	AI企業とノンAI企業の割合が
551300	552780	どのぐらいになっていくかとか
552780	555020	どっちを伸ばしていこうかとかっていうところは
555020	557300	まあまだ決めあぐねてる印象でしたね
557300	558800	なるほどですね
558800	563720	まあ基本的に結構FD的な動きをしてる会社だとは思うんですよね
563720	565620	ほう
565620	567440	そのラングチェーンっていうものを
567440	569140	うまく取り入れていくっていうので
569140	569700	例えばあの
569700	571660	今回も登壇されてたんですかね
571660	572440	シスコさんとか
572440	574240	はいはいそうっすねまさに
574240	576640	あのあそことかはもう会社ぐるみで
576640	579200	ガッツリ入ってやってるっていう
579200	580160	そうですよね
580160	582500	結構事例でスピーチしてくれる会社って
582500	585040	ラングチェーン自体がもう入って
585040	586620	そのエージェントのハイビーなんか
586620	589020	デプロイメントを行っていってるっていうイメージがあって
589020	591200	しかもその基盤として
591200	592580	ラングスミスの
592580	595100	オンプレの方とかエンタープライズの方とかですね
595100	598720	を使ってやってるっていう感じなので
598720	600800	まあ中に入ってやりながら
600800	602980	自分たちのプロダクトも育てていくっていう
602980	604600	ところで言うと
604600	606180	まさになんかFDモデルだなっていう
606180	609520	まあそうですねまさにああいうところから受けたフィードバックで
609520	611440	ラングスミスは
611440	613140	特に
613140	616320	育ててってる印象があるんでね
616320	618180	ですよね
618180	621160	その舞台を作るとかそういう話なのかなっていう
621160	624120	FDやっていくかどうかっていうのは
624120	628180	オープンエアが私がFDの会社作ったみたいに
628180	631080	組織としてやっていくかどうかみたいな話なのかなと
631080	635600	そうねまあでも僕の印象だと
635600	640080	パートナーとかかなって思うけどね
640080	643080	ラングチェーン社に関して言うと
643080	647320	もう首根っこ掴んでグリップしてやっていきたくて
647320	649880	しょうがないっていう組織には感じないですよね
649880	650220	あんまり
650220	657900	それよりはそのエコシステムのパワーバランスみたいなところで
657900	662400	例えばそのほら自分たちはノーコード
662400	664760	ノーコードツールみたいな
664760	667980	まあ一応スタジオは出したは出したけど
667980	669160	スタジオっていうよりはその
669160	673100	DiffyとかNNみたいなものはもう出さないって初めに決めて
673100	676800	でもエコシステムの中でラングフローが
676800	679740	かなり使われるようになってとかっていうんで
679740	682000	まあ別にその住み分けは全然いいじゃないですか
682000	683360	うんうんうん
683360	684720	なんかでラングフローもね
684720	686460	ラングフローでそのスポンサーして
686460	688700	その僕らこうやってやってますって言って
688700	692020	ラングチェーンとの違いは明確にエコシステムで出してるし
692020	692780	うん
692780	693520	うん
693520	696160	なんでエコシステム型かなって
696160	701500	パートナービジネス型の方が合うんじゃないかなって気しますね
701500	702640	そうですね
702640	706540	まあそれによってエコシステムの部分は若干弱いというか
706540	708800	後手に回ってる感じがね
708800	709800	そうだね
709800	710920	するかもね
710920	711520	うん
711520	714720	なるほど
714720	718420	どこにチャンスを見出すかっていうところは
718420	723140	この先もいろいろ考えるとこがあるんじゃないかなと
723140	725520	いうふうに思いましたね
725520	727520	ラングチェーンっていうね
727520	729880	その仕組みがどこまで伸びるかっていう
729880	732540	こう占うのにもこの辺のなんかが
732540	733620	ラングチェーンの動きって一緒にね
733620	735260	気になる部分だし
735260	735620	そうですね
735620	736260	うん
736260	738660	まあ僕らもね
738660	739440	特に僕らもそうです
739440	740280	うん
740280	741500	うん
741500	744960	なるほど最後の
744960	746820	さっき忘れちゃったやつって思い出しました?
749540	750880	後で思い出したら喋ります
750880	755180	これもよく気になったとこあったんだよ
755180	755640	うん
755640	760060	アンバサダーは朝のミーティングだけで終わった感じ?
761220	761500	そうです
761500	764080	アンバサダー自体は朝のミーティング終わって
764080	765060	うんうん
765060	771140	あの一部の人はあのもう結構早めに朝早かったんで
771140	774520	夜のミートアップは今日は切り上げて帰る人とかも
774520	776020	もう僕も一緒にあの
776020	777020	あの
777020	782880	ウェイモで帰ってきたダウンタウンの方まで
782880	784480	うんうんうんうんうん
784480	786920	今日今回2日間?
787680	788360	2日間
788360	790840	明日なんかワークショップとかやる感じ?
792040	792720	いやえっとね
792720	795600	明日もキーノートから始まって
795600	797160	なるほどね
797160	798720	そうスタートアップより
798720	799600	スタートアップ
799600	804520	まあもしかしたら今日がエンタープライズよりだったかなと思うけど
804520	806420	まあそんな綺麗に分かれてないかな
806420	809080	明日も同じような感じで進行していく感じです
809080	811540	そうかアンドリュー先生は明日なんですね
811540	813600	そうアンドリュー先生は明日ですね
813600	814880	定番になりつつある
814880	815720	2回目だけど
815720	818460	絶対出てくれる
818460	818760	うん
818760	821140	生アンドリュー先生が見える
821140	822100	はい
822100	822960	やつですね
822960	826580	じゃあちょっと中身の方を見ていきましょうか
826580	826940	はい
826940	828180	こちらで画面共有して
828180	830060	ちょっと今日はね
830060	831520	あのリキャップなんで
831520	835600	1日目の話をしていこうと思うわけですけども
835600	835980	はい
835980	839300	ちょっと直前に
839300	842940	あれした話は全部入ってるかな
842940	844880	うん
844880	845660	えーと
845660	849500	インタラフト2026の現地レポートということで
849500	852340	ちょっと軽くリポ処理の方にまとめておきました
852340	855840	イベントは2日間ですよというのと
855840	859720	去年と同じミートウェイっていうサンフランシスコの
859720	862780	まああの右下ぐらいのとこですね
862780	863040	うん
863040	863920	うん
863920	866020	でダウンタウンから
866020	867260	これはオープンリポジティ?
867540	868040	パブリック?
868380	868880	あ、プライベートか
868880	870340	これはねプライベートですね
870340	870840	うんうん
870840	871660	じゃあ
871660	874460	まあ別にオープンにしちゃってもいいですけどね
874460	875560	なるほどね
875560	879320	まあオープンにした方が今回参加されてる方にとってはいいかもしれんですね
879320	880620	そうですね
880620	882120	確かに
882120	882640	ええええ
882640	883240	はい
883240	885560	まあちょっとオープンにして次第
885560	887040	またご連絡を
887040	889360	OKです
889360	890080	はい
890080	893980	で、えっと内容としては
893980	895020	えー
895020	900440	まあタイムテーブルをさらっと見ていくと
900440	901880	えー朝一
901880	903500	この
903500	907220	あの8時から9時半までのレジストレーションありましたけど
907220	911460	まあもう8時から集まってハリソンとおしゃべりをしたっていう感じでした
911460	914060	ね
914060	916220	キーノートはあれですよね
916220	916800	あの
916800	920800	ライブ配信もあった
920800	921880	そうですね
921880	923460	キーノートライブ配信あって
923460	928000	中でも特にそのニューリリースの話いっぱいしていたので
928000	935420	おそらく皆さんブログとかも含めてキャッチアップされてんじゃないかなと思います
935420	937000	リポジトリの下の方に
937000	938760	リリース7つあったので
938760	941240	えーとまとめてあります
941240	943040	あ、リードミーの方ですね
943040	944000	はい
944000	946000	全部リードミーの中にね
946000	947400	えーと入れておきました
947400	949460	ブログの方にもね
949460	950740	あのラングスミスエンジンだとか
950740	951660	スミスDBだとか
951660	953020	まあダーッとあったわけですけど
953020	953880	ちょっとそれぞれ
953880	955920	どんなニューリリースがあったのか
955920	956800	そうですね
956800	959400	えっとラングスミス系が3つ
959400	960400	うん
960400	964440	でそれとえっとまエージェントライブラリー
964440	966640	まあエージェント系がまあ4つと
966640	966940	うん
966940	967840	いう感じで
967840	970440	まずラングスミスの方からいくと
970440	972440	えー
972440	973520	あ、まあそうですね
973520	976960	あのスタックとしての関係性っていうのもちょっと
976960	978160	あ、上にこう
978160	978520	はい
978520	980160	上にタイプを見たんですけど
980160	982400	えっと
982400	983400	あの
983400	986360	軽く先に全体像を
986360	987160	えー
987160	988600	話しすると
988600	990400	えー
990400	993160	ラングスミスエンジンっていうのは
993160	994400	えー
994400	995400	えー
995400	995900	と
995900	998400	ラングスミスの中で
998400	999400	えー
999400	1001400	トレースとか
1001400	1004400	えーとエバリュエーションの結果
1004400	1005400	とかを
1005400	1006400	使って
1006400	1008400	えーと
1008400	1010400	プロンプトやスキル
1010400	1012200	とかのえっと
1012200	1013100	改善を
1013100	1014700	まあ最適化を行う
1014700	1015400	えー
1015400	1016400	仕組み
1017120	1017400	うん
1017400	1019540	としてリリースが
1019540	1020160	えー
1020160	1020840	されてます
1020840	1024320	これこれまだプライベートベータだった気がします
1024320	1025460	あ、そうなんですね
1025460	1027400	まあラングスミスに組み込まれるっていう
1027400	1028460	そうですね
1028460	1032600	ラングスミスのもうデフォの機能になっていくっていう
1032600	1033220	うんうんうん
1033220	1033600	ですね
1033600	1037200	でスミスDBっていうのは
1037200	1039400	これはもう完全にラングスミスの
1039400	1041400	中身の置き換えですね
1041400	1042400	リファクターですね
1042400	1043400	リファクターですね
1043400	1044400	なんかやっぱり
1044400	1045400	あれですよね
1045400	1046400	トレースの保存が
1046400	1048400	結構パフォーマンス的に大変だったっていう話が
1048400	1049400	そうそうそうそう
1049400	1050400	ブログで上がってましたね
1050400	1051400	うん
1051400	1052400	なのでもう本当にその
1052400	1054400	保存
1054400	1055400	分析
1055400	1056400	検索
1056400	1059400	全般的に10倍ぐらい
1059400	1060400	早く
1062400	1063400	なったのかな
1063400	1064400	うん
1064400	1066400	でどうやら
1066400	1067400	話聞いてみたら
1067400	1069400	これアパッチデータフュージョンっていうもので
1069400	1070400	できているらしくて
1070400	1071400	おお
1071400	1074400	でこのデータフュージョンっていうのが
1074400	1076400	まさにその
1076400	1079400	スミスDBの売りとして出して
1079400	1081400	いたような
1081400	1083400	パーパスビルトな
1083400	1085400	データベースなんですよと
1085400	1086400	うんうんうん
1086400	1087400	うんうん
1087400	1088400	いうところその
1088400	1090400	インメモリ処理と
1090400	1091400	えー
1091400	1093400	まあなんかいろいろ
1093400	1094400	技術的には
1094400	1095400	あの
1095400	1096400	あるらしいんですけど
1096400	1098400	まあそれによって
1098400	1100400	超高速化しましたっていう話
1100400	1101400	なので
1101400	1102400	まあ
1102400	1103400	まあ要は
1103400	1103400
1103400	1104400	なんていうんですかね
1104400	1105400	えっと
1105400	1106400	個別のその
1107400	1108400	なんだろうな
1108400	1110400	まあまあいろいろ
1110400	1111400	ラングチェーンの方でも
1111400	1113400	なんかやってるんでしょうけど
1113400	1114400	とはいえ
1114400	1115400	えっと
1115400	1117400	なんていうの
1117400	1118400	アパッチデータフュージョンと
1118400	1119400	あとはその
1119400	1121400	データ型としての
1121400	1122400	えっとなんて言ったかな
1122400	1123400	えー
1125400	1127400	なんか採用してるらしいんですけど
1127400	1128400	うん
1130400	1132400	まああの
1132400	1133400	それが中身なので
1133400	1134400	あ
1134400	1135400	ボルテックスか
1135400	1136400	うんうんうんうん
1136400	1137400	っていうのを
1137400	1139400	土台にしてるっていうことなので
1139400	1141400	まあ要は
1141400	1142400	なんだろう
1142400	1143400	うん
1143400	1144400	みんな真似できるよってことですね
1144400	1145400	うん
1145400	1146400	うん
1146400	1147400	入ってしまえば
1147400	1148400	うんうんうんうんうん
1148400	1149400	うん
1149400	1153400	中の改善がありーの
1153400	1154400	そう
1154400	1156400	改善をしましたっていうことですね
1156400	1157400	で
1157400	1159400	ラングスミス3つ目の機能が
1159400	1160400	ニューリリースが
1160400	1162400	ラングスミスサンドボックスという
1162400	1163400	うんうんうんうん
1163400	1164400	!
1164400	1165400	機能で
1165400	1166400	まさにあの
1166400	1167400	あれですね
1167400	1168400	えっと
1168400	1170400	コードの実行環境ですね
1170400	1172400	エージェントの
1172400	1177400	これを
1177400	1181400	提供しますと
1181400	1182400	サンドボックスはね
1182400	1187400	今もうトレンド
1187400	1188400	トレンドなのか
1188400	1190400	どこもかしこも
1190400	1191400	出してきているという
1191400	1192400	うん
1192400	1193400	やつですね
1193400	1202400	これがラングスミス系のリリース3つですね
1202400	1203400	うんうんうんうん
1203400	1205400	うんうんうんうん
1205400	1207400	まああの
1207400	1209400	先にこれを持ってきたのも
1209400	1211400	ほんと特にその
1211400	1213400	ラングチェーンが
1213400	1214400	去年も言ってたし
1214400	1216400	今年も言ってるのは
1216400	1217400	とにかく
1217400	1218400	デブから
1219400	1221400	いかにその
1223400	1224400	フリクション少なく
1224400	1226400	プロダクションに持っていくか
1226400	1227400	でプロダクションの中で
1227400	1230400	運用し続けるかっていうところ
1230400	1231400	うんうん
1231400	1232400	やっぱり気にしてるので
1232400	1234400	やっぱりその
1234400	1236400	ラングスミスに
1236400	1238400	注力する理由
1238400	1239400	とかそこにかけてる
1239400	1240400	コースが多いっていうのは
1240400	1241400	まあ
1241400	1243400	その思いが強いんだろうなと
1243400	1244400	いうのを感じ
1244400	1245400	うんうんうんうん
1245400	1246400	まあ結局ね
1246400	1247400	作れたとて
1247400	1248400	まあ
1248400	1249400	簡単に作ればするんだけど
1249400	1250400	動かしてみると
1250400	1251400	全然挙動が
1251400	1252400	違うというか
1252400	1253400	まあ想定内で
1253400	1254400	挙動だったら想定内だけども
1254400	1256400	実際ユーザーが使ってみると
1256400	1258400	全然違う動きをするとか
1258400	1259400	まあざらに
1259400	1260400	AIエージェントであるので
1260400	1261400	まあそこは
1261400	1262400	あの
1262400	1263400	可観測性を高めて
1263400	1264400	いかにこう
1264400	1265400	自動的にチューニングしていくか
1265400	1266400	っていう
1266400	1267400	のは
1267400	1268400	まあ分かる感じしますよね
1268400	1269400	でもこれって
1269400	1271400	すごく難しい
1271400	1272400	話だなと思うのは
1272400	1273400	うん
1273400	1274400	その
1274400	1276400	リリースする前には
1276400	1279400	リリースした後の大変さって
1279400	1281400	想像がついてないですよね
1281400	1282400	うん
1282400	1284400	その後も僕はあんまり想像がつかない
1284400	1285400	うんうんうん
1285400	1286400	うん
1286400	1287400	でもリリースしてみると
1287400	1288400	あの
1288400	1289400	その後もその
1289400	1291400	大変さ
1291400	1292400	いやその
1292400	1293400	評価駆動で
1293400	1293400
1293400	1294400	回さないと
1294400	1295400	もう明らかにその
1295400	1298400	自分の気が回らなくなった瞬間から
1298400	1299400	腐り始めちゃうっていうのは
1299400	1300400	うんうん
1300400	1301400	!
1301400	1301400
1301400	1303400	平然とあるわけじゃないですか
1303400	1304400	うんうん
1304400	1306400	で
1306400	1309400	そこがね難しいとこだよなと思って
1309400	1312400	そのライフサイクルを意識するっていう
1312400	1313400	うん
1313400	1313400
1313400	1316400	これはもう開発のライフサイクルもそうだし
1316400	1318400	AIエージェントの
1318400	1321400	日々のメンテナンスっていう意味での
1321400	1323400	ライフサイクルもそうかなと
1323400	1327400	しかもいわゆるソフトウェアと違って
1327400	1329400	じゃあその
1329400	1333400	評価基づいて改善しましたって話になるときに
1333400	1334400	結構その
1334400	1337400	デグデ的な要素も大きいなと思ってて
1337400	1338400	そうですね
1338400	1340400	まあナレージカットオフで
1340400	1341400	あの
1341400	1344400	知識のね
1344400	1345400	あの
1345400	1347400	ナレージの時期が変わったっていう
1347400	1350400	だけかなと思ってみたら
1350400	1351400	実は
1351400	1353400	挙動が変わってるみたいな
1353400	1355400	モデル的な要素もね
1355400	1356400	あるし
1356400	1357400	その
1357400	1359400	ツールのディスペッションを変えただけでもやっぱり
1359400	1360400	コードが変わるから
1360400	1361400	うんうん
1361400	1361400
1361400	1362400	どういう状況に応じて
1362400	1363400	こういうツールを選択するっていう
1363400	1365400	コードそのものが変わっちゃうと
1365400	1366400	これまでこうだったのに
1366400	1367400	なんか違う風になってるっていう
1367400	1369400	でこれいわゆるソフトウェアでいったら
1369400	1370400	えぇなんか
1370400	1372400	デグレシーじゃないですかみたいな
1372400	1374400	不具合じゃないですかみたいな感じになるわけですね
1374400	1376400	だから積み上げ方じゃないから
1376400	1377400	ね
1377400	1379400	そこの感覚っていうのもねちょっと違う
1379400	1381400	でもその時には担当エンジニアは
1381400	1384400	もう別のシステムの方を開発していて
1384400	1385400	うんうん
1385400	1389400	すでにリリース済みのところには手はかけたくないし
1390400	1392400	見てもいないみたいな
1392400	1393400	うん
1393400	1395400	なんでそのラングスミスエンジンで
1395400	1398400	あの単純にその
1398400	1402400	最適化がされていくっていうところがいいなっていうだけじゃなくて
1402400	1403400	まあ長い目で見ると
1403400	1408400	やっぱりそのいろんなねモデルを含めてあちこち変わるときの
1408400	1409400	その
1409400	1410400	ね
1410400	1413400	良くなる方向にドリフトすることもあれば
1413400	1414400	うん
1414400	1416400	悪い方向に行くドリフトも平気であるわけですよ
1416400	1417400	うんうんうんうん
1417400	1421400	!そこら辺をちゃんとえっと検知して最適化する
1421400	1424400	まあ自分がアテンションをかけ続けられない
1424400	1425400	うんうんうん
1425400	1428400	変わってやっていく仕組みっていうのは必ず必要になるでしょうね
1428400	1430400	1対1でも絶対に必要になるはずで
1430400	1432400	うんうんうんうん
1432400	1438400	なんだけどこれはリリースしてみないとみんなその大切さがわからないっていう
1438400	1441400	このジレンマは何なんだろうなっていう
1441400	1446400	ただ前提としてこれ開発するものじゃなくって育てるものなんだねっていう
1446400	1448400	はいはいはいはい
1448400	1451400	ことかなと思うんですよね育てることが前提で
1451400	1453400	なんかもう育ってその種ができるところは
1453400	1458400	まあもはやコーディングエージェントでサクッと作りたいするわけなので
1458400	1460400	あまりもうコストはかからないんだけども
1460400	1463400	じゃあどう育てていくかどういう風にこう
1463400	1466400	もっとフィットさせていく
1466400	1471400	ないしはモデルの変化に対してちゃんと追従できるようにするっていうところは
1471400	1474400	もうそっちの方がもうメインの話題だよねっていう
1474400	1475400	そうですね
1475400	1475400
1475400	1481400	これ別にそのAIエージェントを作る部分の話だけでもないんですよね
1481400	1484400	そのえっと
1484400	1487400	例えばFDEの話題が出たからあれだけど
1487400	1489400	その
1489400	1494400	AIエージェントを作った経験者とかからして
1494400	1497400	作ったことない人に
1497400	1501400	まあうちは研修もやっていたりコンサルもやっていたりありますけど
1501400	1504400	とにかくもう口を酸っぱくして言うのは
1504400	1507400	素早く作って
1507400	1510400	で素早く振り返りをやって
1510400	1513400	素早く改良していくっていうところ
1513400	1514400	うんうんうんうん
1514400	1516400	でこの一歩目
1516400	1518400	とにかく素早く
1518400	1519400	うんうん
1519400	1520400	小さくリリースするっていう
1520400	1521400	まあとにかく
1521400	1523400	ねあの
1523400	1526400	そのためにその目的とその切り出し
1526400	1527400	もうその
1528400	1529400	ね
1529400	1531400	完璧じゃなければその
1531400	1532400	リリースしませんっていう
1532400	1535400	気持ちがあまりに強すぎるんでみんな
1535400	1536400	そうね
1536400	1538400	まあもうそれで完璧にしてリリースしたら
1538400	1540400	もうこの話は終わりでしょってなっちゃう
1540400	1541400	ね
1541400	1542400	うん
1542400	1543400	終わりじゃない
1543400	1545400	ここからがスタートだった
1545400	1546400	そうそうそうそう
1546400	1547400	うん
1547400	1550400	ゴールなんかないって考えてもらったほうがね
1550400	1551400	全然良くてね
1551400	1552400	うん
1552400	1554400	っていうのとその
1554400	1556400	確実にAIエージェントに関して言えるのは
1556400	1559400	SaaSとかWebアプリみたいに
1559400	1560400	もうその
1560400	1563400	業界自体が成熟してるわけでもないので
1563400	1564400	うん
1564400	1566400	自己学習していかなきゃいけないじゃないですか
1566400	1568400	起きる事象に対して
1568400	1571400	そうなっていくと経験学習が必要で
1571400	1572400	うん
1572400	1574400	経験学習のためにはリリースしないことには
1574400	1576400	経験学習できないわけですよ
1576400	1577400	そうですね
1577400	1578400	そうですね
1579400	1582400	なんですけどそのコストがどうか
1582400	1586400	その費用がいくらぐらいのかみたいな
1586400	1590400	ところを何ヶ月も何年もやっているっていう
1590400	1593400	人たちがあまりに多すぎるっていうね
1593400	1596400	まあねちゃんと効果があるものじゃないと出せないっていうね
1596400	1597400	うんうん
1597400	1598400	まあその
1598400	1599400	こなれていればね
1599400	1600400	こなれている
1600400	1602400	こなれているものがどんだけこのようにあるかって話なんですけど
1602400	1608400	まあとはいえこの仕組み入れればっていう方程しかできないまで成熟させるってなると
1608400	1611400	まあ今今ね使えるかどうかで言うと使えないですよね
1611400	1612400	そうですね
1612400	1613400	うん
1613400	1614400	うん
1614400	1615400	うん
1615400	1616400	うん
1616400	1617400	っていうことなのでとにかく
1617400	1618400	えっと
1618400	1620400	ラングスミス
1620400	1623400	などを使って
1623400	1625400	素早くリリースした後に
1625400	1628400	経験学習をベースにもう振り返って
1628400	1629400	うん
1629400	1630400	振り返って次へ
1630400	1632400	をいかにその回転数を
1632400	1633400	回転数ともう
1633400	1634400	ケーデンスですよね
1634400	1636400	回転数を上げていけるかと
1637400	1640400	いうところをこだわってやっていきましょうっていうのが
1641400	1644400	改めて参加して思ったところですね
1644400	1647400	まあそこの基本はやっぱり抑えてるっていうのが
1647400	1648400	うん
1648400	1649400	熱いですね
1649400	1650400	はい
1650400	1651400	うん
1651400	1657400	でそのラングスミスの話があってその上物というか
1657400	1658400	そのディープエージェンツ
1658400	1659400	そうですね
1659400	1660400	はい
1660400	1665400	でディープエージェンツがあのまあすでにありますが
1666400	1670400	えっとマネージドディープエージェンツっていうのが発表されましたと
1670400	1671400	うん
1671400	1672400	これ1個目ですね
1672400	1673400	これの
1673400	1674400	マネージドエージェンツブーブですね
1674400	1675400	そうですね
1675400	1676400	ええ
1676400	1680400	後ほど上げるそのLLMゲートウェイとか
1680400	1681400	コンテキストハブとかも
1681400	1682400	まあ統合して
1682400	1685400	まああとディープエージェンツも統合して
1686400	1689400	まあ提供する基盤なのかな
1690400	1691400	うんうん
1695400	1696400	!
1696400	1698400	ということでラングスミスの
1698400	1700400	あのサンドボックスの環境だったり
1700400	1702400	コンテキストハブだったり
1702400	1703400	これですね
1703400	1704400	これですね
1704400	1707400	実行環境やディープエージェンツのハーネスを
1707400	1708400	まあまとめて
1709400	1709400
1710400	1711400	マネージできると
1712400	1713400	いう
1713400	1714400	まあなんてですかね
1714400	1716400	マネージドディープエージェンツっていう
1716400	1717400	何なんだろう
1717400	1719400	ブランドなのか
1720400	1722400	まああれですよね
1722400	1723400	あのー
1723400	1724400	ディープエージェンツの
1724400	1726400	プロンプトだったりとかスキルとかそういったものを
1727400	1728400	クラウドで運用できるっていう
1729400	1729400
1729400	1730400	感じですね
1730400	1732400	でクラウドテクを設定したものを
1732400	1733400	えーと
1733400	1734400	呼び出せるよっていう
1734400	1735400	うんうん
1735400	1736400	だからまあ
1736400	1737400	基本的に
1738400	1739400	使用感としては
1740400	1741400	クラウドの
1741400	1741400
1741400	1742400	マネージドエージェンツみたいなのを
1742400	1743400	目指してるのかなというふうには
1743400	1744400	思うんですけど
1745400	1746400	ただまあ
1746400	1747400	違うところは
1747400	1748400	ディープエージェンツのその
1748400	1749400	コアの部分が
1749400	1750400	オープンソースとして公開されてるとこかな
1750400	1751400	という
1752400	1753400	はいはいはい
1753400	1754400	ことですね
1754400	1755400	これがまあディープエージェンツっていう
1755400	1756400	あのー
1756400	1757400	オープンソースがあるわけですけど
1757400	1759400	これはラングチェーンから
1760400	1761400	まあラングチェーンをベースとして
1762400	1763400	いわゆる
1763400	1764400	マクロードコードだったりとか
1764400	1765400	コーデックスだったりとか
1765400	1767400	あらかじめ動くエージェントの
1767400	1769400	ハーネスを
1769400	1771400	まあ簡単に実装できると
1772400	1772400
1772400	1774400	いうものになっておるよと
1775400	1776400	でまあコンテクストハブは
1777400	1778400	えーとそれの
1778400	1779400	ディープエージェンツに追加できる
1779400	1780400	バックエンドの一つ
1780400	1781400	まあバックエンドっていう仕組みで
1781400	1782400	ファイルシステムだったりとか
1783400	1784400	あの
1784400	1785400	dbにだったりとかっていう風に
1786400	1788400	エージェントが接続できるっていう
1788400	1789400	インターフェースをですね
1789400	1790400	ディープエージェンツは
1790400	1791400	持ってるわけですけども
1792400	1793400	まあその一つとして
1793400	1794400	コンテキストハブが
1794400	1796400	あの新規に追加をされていて
1796400	1798400	でコンテクストハブが取れるデータというのが
1798400	1801400	はいとエージェント向けのインストラクション
1802400	1803400	まあエージェンツMDみたいな感じの
1804400	1805400	ものだったりとか
1805400	1806400	スキルだったりだとか
1807400	1808400	コンテキストで取れるよ
1809400	1810400	取るための専用のバックエンドを
1810400	1811400	用意しましたよと
1812400	1814400	いう整理ですね
1815400	1816400	基本的にはあれですね
1816400	1817400	今多分作りたいものって
1818400	1819400	エージェントスキルだったり
1820400	1822400	あとはディープウィーキ的なもの
1823400	1825400	をみんな作りたかったりするだろうから
1825400	1827400	そういうのはもうディープエージェンツと
1827400	1830400	コンテキストハブで
1831400	1832400	実装していくみたいなのが
1833400	1837400	まあ一番素直な感じなんでしょうね
1838400	1838400
1839400	1840400	まあスキルとして
1841400	1842400	業務を定義しておいて
1843400	1844400	まあそれをやらせるっていうような
1845400	1846400	こういった
1847400	1848400	方式自体がかなり今一般化してきたな
1848400	1849400	というのがありますね
1849400	1851400	でそれらと合わせて
1852400	1852400
1853400	1854400	まさにそのコンテキストハブ自体も
1855400	1856400	リリースとして
1857400	1858400	宣言されてました
1858400	1859400	6番のところにね
1859400	1860400	書いてある通り
1860400	1861400	うん
1861400	1862400	ちょっと面白かったな
1862400	1863400	LLMゲートウェイですね
1863400	1866400	オープンルーターみたいな感じのものなんですかね
1866400	1869400	そうそうオープンルーターみたいな感じで
1869400	1870400	なんかその課金もここで
1870400	1871400	見れて
1871400	1872400	そのちょっと課金がやばそうなときはここで
1872400	1873400	止めたりできるらしい
1874400	1876400	ちょっと使いすぎだからちょっと一回ちょっと止めようつって
1876400	1877400	ここで
1877400	1879400	遮断することもできる
1879400	1881400	ほんとラングスミスを中心として
1881400	1882400	ワンストップで
1882400	1883400	全部で一回止めようつって
1883400	1884400	ここで
1884400	1885400	オープンルーターみたいな感じで
1885400	1886400	オープンルーターみたいな感じで
1886400	1887400	なんかその課金もここで
1887400	1889400	見れて
1889400	1890400	そのちょっと課金がやばそうなときは
1890400	1891400	ここで
1891400	1893400	ちょっと一回ちょっと止めようつって
1893400	1894400	ここで
1894400	1896400	遮断することもできる
1896400	1898400	ほんとラングスミスを中心として
1898400	1900400	ワンストップで全部
1901400	1902400	見れるっていう
1902400	1904400	制御できるっていう
1904400	1906400	世界観を作ったよっていうのが
1906400	1908400	今回の大きな目玉っていう
1908400	1909400	そうですね
1910400	1911400	うん
1911400	1912400	これはねなんかね
1912400	1913400	仕組みとしても面白いですよね
1917400	1920400	AWDとエージェントコアゲートウェイっていうのがあるんですけど
1920400	1923400	そことも同じような感じですかね
1924400	1925400	クリデンシャルもね
1925400	1927400	ここに持たせておけば
1928400	1931400	ここだけで集中管理することができるんで
1932400	1932400
1933400	1934400	うん
1935400	1936400	余談ですけど
1936400	1937400	結構
1938400	1939400	ハイパースケラーにしても
1939400	1940400	スタートアップにしても
1941400	1942400	同じとこ見てるじゃないですか
1943400	1944400	で
1945400	1946400	クロードのマネージドエージェントなんかも
1946400	1947400	全く
1947400	1949400	まああれはもう
1949400	1951400	クロードってモデルありきな話
1952400	1953400	だったりもするし
1953400	1954400	またオープンAIもそういう風なものが
1955400	1956400	出るんだなと思うと
1957400	1959400	なんかみんな同じ方向を走ってて大丈夫かっていう
1960400	1961400	そうですね
1962400	1963400	あとは
1963400	1965400	このラングチェーンの
1966400	1967400	いわゆるその
1968400	1969400	ベンダーフリーな
1970400	1970400
1971400	1972400	特徴が
1973400	1974400	まあ
1974400	1978400	マーケット的にどうこの先生きてくるかなっていうとこですよね
1978400	1980400	LLMゲートウェイとかでも言っていたのは
1981400	1982400	!
1982400	1984400	まあオープンルーターみたいなものなので
1984400	1987400	まあ昔から言ってるけど
1988400	1990400	フロンティアモデルで処理する部分と
1991400	1992400	うんうん
1993400	1994400	!
1994400	1994400
1995400	1996400	社内のオープンモデルの方に
1996400	1997400	オープンウェイトのモデルの方に
1998400	1999400	ルーティングする
2000400	2000400
2001400	2002400	場合と
2003400	2004400	まあ分けたりみたいなことってできるじゃないですか
2005400	2006400	うんうんうんうん
2006400	2008400	まあそういう使い分けをしたくなることが
2008400	2009400	この先あんのかなっていう
2009400	2011400	まあいわゆるそのフロンティアモデル
2011400	2012400	フロンティアモデル
2012400	2014400	今そのオープンAIとアンソロピックが
2014400	2016400	その二強でその張り合っちゃってる分
2017400	2018400	そのチキンレースになってて
2019400	2020400	うん
2020400	2022400	まあやっぱりそのユーザーとしては
2023400	2024400	そのチキンレースで
2025400	2026400	旨味をこう得ているっていうのが
2026400	2027400	今の状況だけど
2028400	2030400	本当にそういうのがなくなって
2031400	2033400	フェアレートに近い形になったときに
2034400	2035400	もうちょっとみんな頭よく
2036400	2037400	そういったルーティングを使っていった方が
2037400	2038400	いいっていうことになれば
2039400	2040400	まあマーケットとしては受け入れやすいですね
2040400	2041400	こういう
2042400	2043400	ラングチェーン
2044400	2046400	およびそのLLMゲートウェイみたいな機能の
2047400	2048400	使いこなしみたいなの
2049400	2050400	まあでも今のところはね
2051400	2051400
2052400	2053400	何でもかんでもフロンティアモデル
2054400	2056400	使い放題で使えばいいじゃんっていうのが
2057400	2058400	ぶっちゃけ今
2059400	2060400	使い放題だし
2061400	2062400	かつそのね
2062400	2062400
2063400	2064400	APIデートも安いしっていう
2065400	2066400	そうですね
2066400	2067400	当然
2067400	2068400	まあ高い
2068400	2069400	高い方ではあると思うけど
2070400	2071400	その横並びにすると
2072400	2073400	それでも実質ね
2074400	2075400	そんな差があるわけでもないというか
2076400	2077400	そうそう
2077400	2078400	僕らが使ってる以上に札束燃やしてくれているっていう
2079400	2080400	ちょっと変わらないだろうから
2081400	2081400
2081400	2086400	どっかでフェアレートになっていくような流れがあったときに
2087400	2088400	生きてくんのかなっていう
2089400	2091400	ただそのモデルのアウトデートですよね
2091400	2093400	結構フロンティアモデルって
2094400	2095400	3ヶ月後にぐらいで
2096400	2097400	新しいバージョンが出ていって
2098400	2099400	まあ1年ぐらいでリタイアするじゃないですか
2100400	2101400	うんうんうん
2102400	2104400	まあそのリタイアメントにこう
2105400	2107400	耐え売らないものだったりするとか
2108400	2109400	まあかなり特化しているので
2110400	2111400	あまりモデル変える意味がないとか
2112400	2112400
2113400	2114400	になってくると
2115400	2116400	生きてくるのおかしだと
2117400	2118400	そうですね
2119400	2120400	今のところね
2121400	2122400	その
2123400	2124400	汎用か特化かっていうのの
2125400	2125400
2126400	2128400	揺り戻しで言うと
2129400	2132400	今やっぱり汎用の方に大きく触れてるじゃないですか
2133400	2134400	とりあえず何でもかんでも
2135400	2136400	汎用にやらせときゃいいじゃんっていう
2137400	2139400	まあそれがもうちょっと深まって
2140400	2140400
2141400	2143400	特化モデルで小さくていいじゃんみたいなやつが
2144400	2145400	出てくるとね
2146400	2147400	っていう流れになってくるとね
2148400	2149400	まあ今のところそこまで
2149400	2151400	グッとこう
2151400	2152400	こう踏み込めるようなユースケースがあるわけでもないし
2153400	2154400	意外とまあ汎用的なもので
2154400	2155400	いろんなユースケース試すっていう
2156400	2158400	状態なのかなって感じですね
2159400	2160400	そうですね
2161400	2161400
2162400	2162400
2162400	2163400	モデルの中のその
2163400	2165400	そのね
2165400	2166400	ミキスオブエキスパートとか
2167400	2167400
2168400	2169400	汎用モデル側の方がね
2170400	2172400	どんどんどんどん優秀になっていくと
2173400	2174400	まああまりそのハーネス側で
2175400	2178400	頑張る意味がなくなっていくっていうのもあるんで
2179400	2179400
2180400	2182400	そのパワーバランスもありますよね
2183400	2183400
2183400	2184400	そうですね
2184400	2186400	アンストロピックのブログで
2186400	2188400	まあハーネスの機能っていうのは
2188400	2190400	あくまでもこうモデルに対する仮説であって
2191400	2192400	モデルでそれが充足されたら
2193400	2196400	そのね仮説となっている機能は外していいっていう感じで
2196400	2197400	まあハーネスとモデルって
2198400	2199400	一瞬成長していくものだよねっていう
2200400	2202400	いやーすごい考え方だよね
2203400	2204400	まさにと思ったもん
2205400	2206400	うーんままさにだね
2207400	2208400	いやーまさにだよ
2208400	2212400	俺らがやってることなんて結局最後はモデルが全部できるようになったら
2213400	2215400	すべていらなくなる話なので
2216400	2217400	うんうんうん
2218400	2219400	このハーネスの話はね
2220400	2222400	今だけの夢物語かもしれないっていう
2223400	2223400
2224400	2225400	ハーネスなんていらないっていう
2227400	2229400	まあそういうともこのリキャップの話が
2230400	2231400	もともともともとない話になっていくので
2232400	2234400	いやーかもしれないしそうじゃないかもしれない
2235400	2235400
2236400	2237400	まだわかんないね
2237400	2239400	なんかこういうと情報キャッチアップしてるけども
2240400	2240400
2243400	2244400	僕らあくまでもそう
2245400	2246400	その
2246400	2248400	今を見てやっていくしかないですね
2249400	2250400	それを積み上げていくしかない気がする
2250400	2252400	ある日僕らの仕事がなくなるとて
2253400	2254400	とて
2257400	2259400	まあやっぱり本質はこれで
2260400	2261400	!どんな価値出すのかっていうのが
2262400	2265400	一番まあ見なきゃいけない目線かなという
2266400	2266400
2266400	2267400	そうですね
2269400	2269400
2270400	2272400	仕組みとして今この現時点では
2272400	2274400	こういったものが必要されてるし
2275400	2278400	やっぱりこうリリースされていくものなんだけども
2279400	2281400	これを習熟したからといって
2282400	2284400	エンジニアとしてのスキルが
2284400	2286400	じゃあ満足かっていうと
2286400	2287400	まあそういう目線ではないよねっていう
2287400	2288400	そうですね
2290400	2293400	まあじゃあ今までもうみんなどうしてたんですかって
2294400	2297400	その未来が来るのを指を加えて待ってたんですかって言うと
2297400	2298400	そんなことはないんで
2298400	2300400	エンジニアはその
2301400	2305400	あの日々発生する問題を解決することが必要なので
2306400	2308400	まあキャッチアップは必要ですよ
2309400	2310400	うん
2311400	2313400	今こういうのをキャッチアップしないって言うんだったら
2314400	2315400	もうじゃああの
2315400	2317400	あの5年間ここをしのいで
2318400	2320400	5年後にでもあの
2321400	2322400	LLMの世界に入ってくれば
2323400	2324400	ねもう
2325400	2326400	もうあんま何もしなくても良くなってるでしょうけど
2327400	2328400	そうですね
2329400	2331400	まあそういう考え方もあるかなって個人的にはね
2332400	2332400
2333400	2334400	そうですよね
2334400	2335400	まあ外食でいうサイゼリアみたいなね
2336400	2339400	すべてを最後成熟してから導入するっていうね
2340400	2341400	考え方もまあありっちゃあり
2341400	2342400	うんうん
2346400	2348400	まあそれでも今現時点キャッチアップする意味は
2349400	2351400	やっぱこのなんかあの
2352400	2353400	文脈をよく
2354400	2355400	理解できてないか
2356400	2357400	理解できてか理解できてないかというのが
2358400	2360400	まあ今見てみても大きい話だし
2361400	2363400	まあずっとその文脈自体は大きくなり続けるんだろうなっていう
2364400	2367400	今やる意味って結局その仕組みが出来上がっていくその
2368400	2369400	概念から
2369400	2375400	ちゃんとその物理的な仕組みに落とし込んで
2376400	2378400	さらにそれの抽象化が進んでいくっていう
2379400	2381400	この段階をちゃんと見ることによってその
2382400	2386400	中身のパーツがどうやって出来てるかっていうのを知るっていうね
2387400	2387400
2388400	2389400	うんうん
2389400	2390400	うんうん
2390400	2394400	そのうちハーネスがフロンティアラボ側に全部
2395400	2399400	入ったらもう中身が分かんなくなっちゃうしね
2400400	2400400
2400400	2401400	どう見てるか
2401400	2407400	で結構
2408400	2410400	今回のインターナット見てて思ったのは
2411400	2413400	なんかねこれエージェントの技術として
2414400	2416400	これをこう見ていくっていうのももちろん必要なんだけども
2417400	2419400	例えばこのラングスミスエンジンって
2419400	2423400	そのエージェントの改善ループを回すって話なんですが
2424400	2425400	その
2425400	2427400	意味のある意趣を見つけて
2428400	2429400	アクショナブルな単位に上流する
2430400	2431400	っていうのを繰り返すことで
2432400	2433400	まあその
2433400	2434400	改善のアクションを
2435400	2437400	高速に回していこうっていう発想じゃないですか
2438400	2440400	これって普通のソフトウェア開発でも
2440400	2442400	まあやりたいことだよね
2443400	2444400	はいはいはい
2444400	2445400	そうですね
2445400	2446400	今まではまあ人間が
2447400	2449400	なんとか頑張って抽出していたけど
2450400	2451400	うんうんうん
2452400	2453400	で多分個人的にはその
2453400	2455400	AIエージェントを育てるみたいな話が
2456400	2458400	ソフトウェア開発の標準みたいになっていくし
2459400	2461400	そのAIエージェントの動きっていうのはトレースが効くし
2462400	2464400	まあそのねソフトウェアのログも
2465400	2466400	トレースは効くものではあるんだけども
2467400	2468400	そういったものから
2468400	2471400	いかにこう問題を見つけていく
2472400	2473400	問題だったりとか
2473400	2474400	より良くするポイントを
2475400	2476400	ここに見つけていくかっていう
2477400	2477400
2478400	2479400	AIエージェント使えるんだよっていう
2480400	2481400	しざがそもそも必要かなっていう
2482400	2482400
2483400	2485400	そしたらAIエージェントだけではない
2486400	2487400	全てのソフトウェアの
2490400	2492400	作り方が変わってくるかもしれないね
2493400	2494400	そうなんですよね
2494400	2496400	業務でAIエージェント使ってますって話の時に
2496400	2498400	まあ本当になんかそのリソースがあってね
2499400	2500400	すごい人当てられるっていうところだったらば
2500400	2502400	また違うアプローチが取れるかもしれないんだけども
2503400	2503400
2504400	2506400	まあそういうリソースもない中で
2507400	2508400	でもうまくそのAIエージェントを
2509400	2510400	ゲームで回していきたいよねって
2511400	2512400	こういう仕組みを構築することそのものが
2513400	2515400	とても重要なことなのかなと
2515400	2516400	なるほど
2516400	2523400	確かにそれはあるね
2524400	2526400	そうそうそういう風に見ると
2527400	2528400	また全然違う
2529400	2530400	しざでですね
2531400	2532400	この考え方を取り入れられるんじゃないかな
2532400	2533400	うん
2533400	2534400	いいね
2534400	2536400	面白いですね
2536400	2537400	はい
2538400	2539400	はい
2539400	2547400	じゃあ最後にディープエージェントのバージョンアップで
2547400	2548400	ありましたね
2548400	2549400	はい
2549400	2550400	はい
2550400	2551400	0.6
2551400	2553400	まあ今はもう0.61かな
2554400	2555400	うん
2555400	2557400	0.6.1が公開されてますっていうことで
2558400	2560400	どういうものが入ったかっていう話
2561400	2562400	あれどこいったっけ
2562400	2563400	1番下っすね
2564400	2564400
2564400	2565400	7番
2565400	2566400	7番か
2566400	2566400
2566400	2574400	でディープエージェント自体は
2576400	2578400	長時間で複雑なタスクを扱うための
2579400	2580400	エージェントハーネスですよと
2581400	2582400	うん
2582400	2584400	というところで登場しました
2585400	2586400	そうだもう1個ね
2586400	2588400	言ってた話思い出しました
2589400	2591400	えーとAIエージェントとして
2591400	2594400	そして僕らが欲しいものが大きく
2594400	2596400	やっぱり2つに
2597400	2600400	2つのパラダイムに集約しつつあると
2601400	2601400
2602400	2605400	1つがユーザーエクスペリエンスを
2606400	2607400	!
2607400	2608400	向上するもの
2609400	2610400	うーん
2611400	2612400	でもう1つが
2613400	2616400	長時間実行して複雑なタスクを解くエージェント
2617400	2618400	あーなるほど
2619400	2620400	でこれは
2620400	2621400	えっと
2621400	2622400	一緒には扱えないってその
2623400	2624400	あの
2625400	2625400
2626400	2627400	仕組みが違うっていうね
2627400	2629400	それに最適化させるための
2630400	2631400	うん
2631400	2631400
2632400	2633400	例えばチャットボットだったりとか
2634400	2635400	まあ本当にその
2636400	2638400	エクスペリエンスを高めるために使っていく
2639400	2640400	LLMアプリケーションっていう方向
2641400	2641400
2642400	2642400
2643400	2645400	やっぱディープエージェントで実現するような世界観っていうのは
2645400	2646400	やっぱり全然
2646400	2647400	あのー
2647400	2650400	実装すべき仕組みも違って
2651400	2652400	うん
2652400	2656400	で今力かけていくのはディープエージェントの方向性なんだけれども
2656400	2659400	そのエクスペリエンスを上げていくっていうところも忘れずに
2660400	2662400	やっていかないとねっていうところで
2663400	2664400	うん
2665400	2666400	えっと
2667400	2667400
2667400	2668400	なんか
2668400	2670400	UI部分とかコパイロットキットとかと
2671400	2671400
2672400	2673400	なんかパートナーシップみたいな感じで
2674400	2675400	やれてますね
2676400	2677400	やっぱそういう
2678400	2681400	そういうのも大事にしつつディープエージェントの方向
2682400	2684400	長時間複雑なタスクを解いていくっていうような
2685400	2687400	エージェントの実装の方式っていうのも
2688400	2690400	まあ分けて考えてますよっていうのが一個
2690400	2691400	なるほどなるほど
2692400	2696400	ちなみにこれ宣伝なんですけど
2697400	2697400
2698400	2701400	ランググラフとですねコパイロットキットを接続するのにですね
2702400	2704400	実は内部でランググラフサーバー立てなきゃいけないっていう
2704400	2706400	デメリットがあるので
2707400	2708400	特にランググラフサーバー立てなくてもですね
2709400	2711400	コパイロットキットと接続できるライダリを
2712400	2714400	こっそり中で使っているものを公開しているので
2715400	2718400	ぜひ興味ある方は使ってみてください
2719400	2721400	こっそり公開してるし
2722400	2723400	なんならこれ意外とプロダクションで使ってみたいな
2724400	2724400
2725400	2725400
2726400	2727400	ご協力ありがとうございました
2728400	2730400	ありがとうございます
2731400	2731400
2731400	2732400	はい
2734400	2737400	でディープエージェンツの0.6でちょっと面白かったのが
2738400	2739400	ディープエージェンツコードかな
2740400	2741400	うん
2742400	2743400	っていうのもリリースして
2744400	2745400	コーディングエージェント
2746400	2747400	ディープエージェンツに
2748400	2750400	入れて回すっていうことを言ってたんで
2751400	2752400	なるほど
2753400	2754400	ディープエージェンツコードって
2755400	2756400	なんかどっかあった?
2757400	2758400	いやなんかね
2758400	2761400	なんか発表あったんだよね
2761400	2762400	うーん
2762400	2763400	うーん
2769400	2770400	GTメージの
2771400	2772400	どこかで見つけたら
2773400	2773400
2774400	2775400	お願いします
2778400	2779400	シェアします
2780400	2781400	おい
2781400	2782400	であとは
2782400	2784400	ディープエージェンツ
2784400	2785400	もうちょっとキャッチアップできてないんで
2785400	2786400	あれなんですけど
2786400	2789400	ディープエージェンツかどっかか忘れたけど
2790400	2793400	実行環境の中でファイルシステム
2793400	2795400	を
2797400	2803400	効率的に扱えるような
2803400	2804400	ライブラリーというか
2804400	2806400	ファイルシステム自体
2807400	2808400	AEとかも入れて
2809400	2813400	パワーアップしたんだよって話をどっかで聞いたんですよね
2814400	2814400
2815400	2816400	おー
2819400	2820400	要はその
2821400	2823400	コーディングエージェントとか
2824400	2825400	扱うときって
2826400	2827400	基本的にはもうフラットファイル
2828400	2830400	ファイルシステムを触りまくるみたいなことが多いじゃないですか
2830400	2832400	ええええ
2833400	2835400	で言ってしまえばその
2836400	2839400	オブジェクトストレージを
2840400	2841400	そのまま触ろうとすると
2842400	2843400	ファイルシステム
2844400	2845400	風には触れないし
2846400	2847400	うん
2848400	2849400	えっと
2850400	2851400	全部データベースで
2852400	2853400	中身やってたとしても
2854400	2856400	ファイルシステム風には触れないし
2857400	2858400	うんうんうん
2858400	2859400	まあということで
2859400	2861400	ファイルシステムのインターフェースを
2864400	2865400	提供するみたいな話がどっかであって
2866400	2867400	それがねすげえ
2868400	2869400	いいなっていう
2870400	2870400
2871400	2873400	元よりディープエージェントである発想で
2874400	2875400	ステートバックエンドみたいな形で
2876400	2877400	ランクグラフのステートを
2878400	2881400	効果的にファイルシステムのように扱えるみたいな
2882400	2885400	DBのデータをファイルシステムのように扱えるっていう
2885400	2887400	はいはいはい
2888400	2890400	感じでファイルシステムを直接触らせようとすると
2891400	2892400	デプロイメントは
2893400	2893400
2894400	2895400	エージェントを動かすっていうふうに限られちゃうじゃないですか
2896400	2897400	うん
2898400	2899400	そうするとコンテナの起動が重くって
2900400	2901400	その初動が遅かったりとかっていう
2902400	2903400	問題も発生するんですけど
2904400	2906400	もとよりそのDBにアクセスだけであれば
2906400	2908400	いわゆるサーバーの上で
2909400	2910400	エージェントポジションを立ち上げるだけで済むし
2911400	2913400	行動の実行はサンドボックスで実行すればいいっていうふうな
2914400	2915400	話になるので
2916400	2918400	まあいいよねっていうのがあったんですよね
2919400	2919400
2920400	2920400
2921400	2922400	ラングスミスフリートだとか
2923400	2924400	マネージドエージェンスみたいな感じで
2925400	2926400	よりその
2927400	2929400	大量のエージェントを運用できるような環境を
2930400	2931400	彼らが作っている
2932400	2934400	一環でそういったものを強化しているのかなっていう
2934400	2935400	うん
2936400	2937400	今聞いていて感じましたね
2940400	2941400	で実際ここら辺はその
2942400	2943400	例えば
2944400	2946400	タイデイBを提供しているピンキャップとかも
2947400	2949400	最近エージェントにいろいろ
2950400	2952400	対応した製品を出していく中で
2953400	2954400	メモリの製品である
2955400	2957400	Mem9.aiだったりとか
2958400	2959400	と同じように
2960400	2961400	あの
2961400	2964400	ファイルシステムもね出してるんですよね
2965400	2966400	あ、そうなんですね
2967400	2969400	それがねストレージ9.aiだったかな
2970400	2971400	おー
2974400	2976400	でもこれ結局中身は
2977400	2978400	あの
2979400	2980400	あれなんですよ
2982400	2982400
2982400	2984400	データベースなんですよ
2985400	2985400
2986400	2988400	でもインターフェースがファイルシステムのような感じで
2989400	2990400	バックエンドはまあ違うという
2991400	2993400	そう、結局中身どういうことやってるかっていうと
2994400	2994400
2994400	2995400	あの
2995400	2996400	あの
2996400	2997400	XMLとか
2997400	2998400	の
2999400	3000400	X
3000400	3001400	何だったっけ
3001400	3002400	XDBじゃなくて
3002400	3003400	なんかあるよね
3004400	3005400	うんうんうん
3005400	3007400	データベースとファイルシステム
3008400	3010400	交換するような
3011400	3011400
3012400	3014400	そのプロトコルで対応してるだけの話で
3014400	3015400	なるほどね
3015400	3016400	いやでもね
3016400	3018400	それを発想になるよね
3019400	3020400	だから結局あれだよね
3021400	3022400	20年前
3023400	3024400	から
3025400	3026400	人間の発想は
3027400	3028400	変わんないですよ
3029400	3030400	変わんない変わんない
3031400	3033400	XMLでデータベースをやっていた頃から変わんないわけですよ
3034400	3035400	とはいえね
3036400	3037400	その
3038400	3041400	人間と同じようにファイル操作できるっていう風に
3041400	3043400	まあ人間と同じようにファイル操作できるっていう風に
3044400	3045400	まあトレーニングされている
3046400	3046400
3047400	3047400
3048400	3049400	XML自体が
3050400	3050400
3051400	3051400
3052400	3053400	能力に合わせてインターフェース用意してあげて
3054400	3055400	よりその働きにするっていうのは
3056400	3057400	自然な発想ではあるなと
3058400	3058400
3059400	3060400	うん
3063400	3064400	いやでもあれですね
3064400	3066400	その本番を考えるときに
3067400	3068400	うっと
3068400	3069400	すごいこう選択肢が生まれているのは
3069400	3070400	めちゃめちゃいいなっていう
3071400	3072400	感じだし
3072400	3074400	まあこの辺を眺めてみると
3075400	3075400
3076400	3077400	結構方向性は終電していってるなっていう
3078400	3078400
3079400	3080400	感覚を持てますね
3081400	3082400	まあ結局
3083400	3084400	なんか
3085400	3087400	いろんなベンダーが1、2ヶ月ずれぐらいで
3088400	3088400
3089400	3090400	あっちが早く出した
3090400	3091400	こっちが遅く出したとかはあるけど
3092400	3092400
3093400	3094400	まあ
3095400	3096400	パーツパーツのその
3097400	3098400	なんていうんですかな
3098400	3099400	えっと
3099400	3100400	パーツパーツの
3101400	3101400
3102400	3103400	考え方
3103400	3104400	仕組みの考え方とかは
3105400	3107400	もうどこも通定しているというか
3108400	3108400
3109400	3109400
3110400	3113400	あとはあれか
3114400	3115400	!
3116400	3116400
3117400	3118400	あの
3118400	3120400	メモリのその
3121400	3123400	イベント記憶とかに変換して
3124400	3125400	メモリ圧縮するような
3125400	3126400	ドリーミング機能
3127400	3127400
3128400	3129400	とかも
3130400	3132400	出すって言ってた
3133400	3134400	これ言っちゃっていい話なのか分かんないけど
3134400	3135400	その
3135400	3136400	アンバサダーの方で
3137400	3137400
3138400	3139400	メモリがその
3139400	3139400
3140400	3142400	モートになるよねって話を
3143400	3144400	ハリソンさんがポストでもしたんで
3145400	3145400
3146400	3147400	まあ
3147400	3148400	そこにね
3149400	3150400	思いがあるんだなっていうのを感じてたけど
3150400	3151400	うん
3151400	3152400	うん
3152400	3157400	メモリはこの先も
3158400	3160400	メモリ圧縮戦略って多分
3161400	3162400	今
3162400	3163400	考えてるよりも
3163400	3165400	もっとバラエティ飛んでくるはずだと思ってて
3166400	3166400
3167400	3168400	その
3169400	3171400	短期記憶から長期記憶にしていく方式
3172400	3173400	うんうんうんうんうんうん
3174400	3176400	そのメモリ圧縮戦略とかも
3176400	3180400	まあこれから進化していく分野なんだろうなっていう風には
3181400	3182400	聞いてて感じましたね
3183400	3184400	まあね
3184400	3185400	言ったことを覚えててほしいっていうのは
3186400	3186400
3187400	3188400	エージェント使ってても
3188400	3189400	普遍的に思う感情っていうか
3190400	3191400	そうね
3192400	3193400	でもさそれってイベント記憶じゃ
3194400	3195400	消えちゃいそうだろう
3196400	3197400	うんうんうんうん
3197400	3197400
3197400	3199400	単純に言ったことを覚えててほしいっていうのを
3199400	3200400	中身的に言うと
3201400	3202400	うんうんうん
3202400	3204400	だって一言一個覚えてる
3204400	3206400	ことの
3207400	3209400	非効率だったらないしね
3209400	3210400	そうですね
3210400	3212400	まあもとよくこの我々の会社名の元になっている
3213400	3214400	ジェネタブエージェンスという論文では
3214400	3215400	まさにそこのメモリ機構が
3216400	3217400	中心に扱われていて
3218400	3221400	そうイベントの記憶とそこはエピソードで
3222400	3223400	いくつかつなぎ合わせたものと
3224400	3225400	まあさらに重要だと思うものを
3225400	3226400	教訓として持つみたいな
3227400	3228400	構造で
3229400	3230400	まあうまくその
3230400	3231400	シチュエーションシチュエーションに必要な
3231400	3234400	その記憶を揺らしてくるっていう
3235400	3236400	話があったわけですけど
3237400	3240400	とはいえまあ
3241400	3243400	ね全然記憶が少ない中でそれやると
3244400	3245400	すぐになんか
3246400	3248400	全然関係ない記憶を呼び出しちゃって
3249400	3250400	記憶のその汚染によって
3251400	3252400	タスクがうまくいかないっていう
3253400	3255400	ことがあったりもするわけなので
3256400	3257400	余計なこと言ったやつがいてね
3257400	3258400	あれからだいぶね
3258400	3262400	あのメモリのその標準的なその
3263400	3264400	空間って
3265400	3266400	圧倒的に
3267400	3268400	増えているから
3269400	3270400	多分
3271400	3274400	考え方も変わってきますよね
3275400	3276400	ですね
3277400	3279400	いやでも
3280400	3282400	面白い方向性だなっていう
3283400	3284400	感覚がありますね
3284400	3288400	まあまあそろそろ時間っていう感じなんですけども
3289400	3290400	なんかあの
3291400	3291400
3292400	3293400	チャンネルであの
3294400	3295400	テスティングについて発表があるみたいな
3296400	3297400	話をした気がするんだけど
3298400	3299400	テスティングの話なかった?
3300400	3300400
3301400	3302400	明日なのかな
3303400	3303400
3304400	3304400
3304400	3305400	うん
3306400	3307400	まあ
3307400	3307400
3307400	3309400	安全リリースしていくってところが
3310400	3312400	結構ポイントだよねみたいな話があったので
3313400	3314400	そうね
3314400	3316400	普通にライフサイクルとして
3317400	3318400	ビルドしてテストして
3319400	3320400	えっと
3321400	3322400	何々して
3323400	3324400	振り返りしてみたいな
3324400	3325400	口をすっぱくして
3325400	3326400	ずっとあの
3326400	3327400	ぐるぐるぐるぐるぐる
3327400	3327400
3328400	3329400	見せてはいたけど
3330400	3330400
3331400	3332400	特に明日はほら
3333400	3334400	ハリソンのキーノートの後が
3335400	3336400	そうですね
3337400	3339400	オブザービング&テスティングCXエージェン2で
3340400	3341400	やっぱテスト
3342400	3343400	ベースの話なので
3344400	3345400	テストは明日でしょうね
3346400	3347400	なるほどね
3347400	3348400	明日も見逃せないという感じで
3348400	3349400	ぜひですね
3350400	3351400	ランクチェーンの
3352400	3353400	アカウントのポストも
3354400	3355400	見ていただきながら
3356400	3357400	僕らの方でも
3357400	3358400	情報発信ができればと
3359400	3360400	思っております
3361400	3362400	ちょっとなんか網羅的に
3362400	3364400	ここら辺の新機能を使って
3365400	3366400	動かせるようなものとかを
3367400	3368400	動かしてみてまた
3369400	3370400	いろいろ語りたいなと思いました
3371400	3372400	ありがとうございます
3374400	3375400	じゃあサンファシスカも
3376400	3377400	夜が遅いということで
3378400	3379400	そうですね
3380400	3381400	はい、そうそうね
3381400	3381400
3382400	3382400
3383400	3384400	聞いていきたいかなと思います
3385400	3386400	はい、また明日
3387400	3387400
3388400	3390400	このリポストリは公開しておきますので
3391400	3391400
3392400	3394400	セッションの中身のようやく
3395400	3397400	どんどん更新していきたいと思います
3398400	3398400
3399400	3399400
3400400	3401400	もう結構ね、細かくね
3402400	3403400	ブログ自体は
3404400	3405400	まあなんか
3405400	3406400	落ちてた頃に
3406400	3407400	公式会話が出たりはすると思うんですけど
3408400	3408400
3409400	3410400	まあいち早くね
3410400	3411400	あのー、キャッチアップということで
3412400	3413400	ぜひぜひご覧いただけると
3414400	3414400
3415400	3415400
3419400	3420400	はい、というわけで
3420400	3422400	この辺で
3423400	3425400	今日のリキャップを置いていきたいと思います
3426400	3427400	ご視聴いただいた皆様どうもありがとうございます
3428400	3430400	朝、2時間ぐらいの告知だったんですけども
3431400	3432400	この辺はあすく待っていただいて
3432400	3433400	大変感謝しております
3434400	3436400	はい、日付どうぞよろしくお願いします
3437400	3437400
3437400	3439400	はい、よろしくお願いします
3440400	3441400	それでは
3442400	3442400
3443400	3443400
3444400	3444400
3445400	3446400	お疲れ様でした
3447400	3448400	皆さんも良い一日を過ごしてください
3449400	3450400	良い一日を
3451400	3452400	はい、お疲れ様でした
3453400	3454400	はい、お疲れ様でした
3454400	3455400	ではでは
3455400	3457400	ご視聴ありがとうございました
